Full Name,NRC,TPIN,NAPSA,Province
Nathaniel Martin,037104/35/5,3734218152,331319294,Luapula
Dawn Whitehead,016561/48/5,1446974844,198596686,Central
Michelle Carter,088435/57/8,8610218373,829288044,Southern
Amber Holder,084399/55/1,8976423641,891804666,Southern
Ashley Bauer,079324/69/8,7548901407,740556796,North-Western
Christine Anderson,035904/62/7,3840754471,324821613,Luapula
Brenda Bray,047964/86/2,4783452870,465593577,Lusaka
Jennifer Rivera,098292/91/2,9676601516,958453267,Western
Shannon Allison,043367/69/7,4363464140,449721374,Lusaka
Crystal Mercado,081738/43/6,8249348467,814792394,Southern
David Cooke,091015/57/7,9515152656,996665927,Western
Richard Romero,045207/27/7,4981219836,435501048,Lusaka
Zachary Mendoza,099737/61/9,9589162050,929900342,Western
Roger Chan,039495/60/2,3472361384,328338043,Luapula
Anthony Sheppard,084606/70/8,8469836851,828516986,Southern
James West,045002/40/7,4761154622,497009403,Lusaka
Lisa Wilson,089833/44/8,8762609219,872882830,Southern
Angela Mejia,057735/24/5,5793714607,536798654,Muchinga
Erica Burns,033971/15/3,3375482274,390841595,Luapula
Robert Thompson,012764/80/7,1264096755,123433151,Central
Michael Parker,081177/70/3,8179116278,867767987,Southern
Sarah Hayes,089866/37/9,8384319493,886291502,Southern
Jonathan Tran,077074/18/6,7148502053,781078460,North-Western
Ronnie Fisher,105791/77/9,10951477111,1065138246,Copperbelt
Amy Boyd,023851/59/1,2434032696,289261613,Eastern
Heidi Ryan,052810/90/2,5448046987,548788200,Muchinga
Shelby Monroe,057368/14/5,5292685656,586227992,Muchinga
Maria Baldwin,016840/76/5,1379177950,195847778,Central
Christopher Mack,101954/56/4,10157374867,1036979953,Copperbelt
Joseph Harmon,049378/28/8,4868252850,499597504,Lusaka
Daniel Ramirez,018023/70/8,1346759403,165683910,Central
Harold Mahoney,017403/33/2,1426847245,112873173,Central
Nicole Barrera,013608/22/7,1740161291,151342821,Central
Kenneth Cox,064273/45/9,6635846939,641730787,Northern
Mr. Robert Johnson,032346/29/5,3993382010,336369814,Luapula
Rick Mcintosh,093650/89/3,9412401675,923168300,Western
Ashley Hudson,035079/53/9,3643740994,355574335,Luapula
Marissa Garcia,039207/57/2,3641852231,352681052,Luapula
Anthony Wells,048999/55/8,4977932610,472827679,Lusaka
Teresa Gonzalez,084540/13/4,8685402149,850711165,Southern
Ian Hodges,036561/53/5,3589350317,378675469,Luapula
John Wilson,084902/70/4,8663607363,835404571,Southern
Megan Vazquez,073741/27/8,7662042318,747108183,North-Western
Jeremiah Marquez,049259/82/3,4776802623,417048935,Lusaka
Walter Hernandez,069128/53/3,6786376622,669729821,Northern
Helen Jensen,096197/47/7,9690733910,954368349,Western
Spencer Wright,101351/49/6,10581521006,1049564660,Copperbelt
Maria Johnson,024463/54/3,2386701561,220993013,Eastern
Laura Larsen,099155/98/2,9723178135,910325956,Western
Diana Green,022843/28/6,2156601518,272179366,Eastern
Jonathan Walters,043757/20/6,4168876718,430617505,Lusaka
Matthew Bennett,052790/71/6,5559180969,530695910,Muchinga
Charles Jones,082858/13/8,8244335085,862755525,Southern
Denise Montes,028884/34/5,2607073641,262067145,Eastern
Chad Roberts,086740/14/2,8709386853,843875031,Southern
Kimberly Navarro,086131/79/1,8683252096,873023857,Southern
Jessica Green,021715/19/1,2738554670,256768368,Eastern
Ashley Valenzuela,059359/30/2,5108477044,536574544,Muchinga
Rebecca Taylor,076487/52/9,7986631157,779626211,North-Western
Christina Simon,098026/73/1,9729831244,916240010,Western
Christopher Rojas,044674/40/6,4617912793,491139706,Lusaka
Matthew Leon,037271/55/1,3794813183,383159292,Luapula
Brooke Johnson,051823/24/6,5779437545,510999049,Muchinga
Kimberly Frazier,026318/78/4,2858248221,237975840,Eastern
Charles Ford,032694/59/8,3524504408,385860085,Luapula
Rachel Jones,094740/57/2,9247023817,980001192,Western
Kristen Johnson,041361/96/2,4544513069,419226885,Lusaka
Jon Callahan,042195/81/9,4291019961,451638631,Lusaka
Heather Hopkins,069592/72/3,6681372222,657533086,Northern
Jessica Miller,034060/75/9,3246479418,363958881,Luapula
Kevin Hampton,034868/46/7,3614908489,342634710,Luapula
Christopher Morrison,058016/25/3,5849866781,584087804,Muchinga
Michael Davis Jr.,034837/99/8,3519715141,323487332,Luapula
Jacob Stevens,079396/66/3,7421825316,751940475,North-Western
Michael Riley,065455/47/3,6553157315,697142057,Northern
Leslie Gray,023555/51/8,2917674829,257886922,Eastern
Brenda Smith,024283/60/9,2438133240,286509586,Eastern
Derrick Dominguez,099533/60/3,9906433632,929033532,Western
Tasha Taylor,072141/35/4,7222129277,766506350,North-Western
Angela Richardson,018442/56/8,1144014718,153275784,Central
Justin Adams,081837/91/3,8879560767,875295081,Southern
Lisa Knapp,021590/29/7,2527248738,277234432,Eastern
Taylor Hogan,052935/19/5,5681628962,593933300,Muchinga
Deborah Hebert,073839/29/2,7600432671,715929948,North-Western
Angela Osborne,059334/66/8,5450466484,526772162,Muchinga
Phillip Combs,109682/44/1,10251126968,1024278721,Copperbelt
Laura Gardner,037680/30/5,3979413531,356596485,Luapula
Corey Patel,078753/75/9,7354119737,780418916,North-Western
Alexander Thomas,059425/50/6,5602087726,533685496,Muchinga
Bryan Williamson,092763/91/4,9213855780,935600479,Western
Kenneth Ramirez,095799/21/7,9985943112,961689988,Western
Kelly Austin,015909/19/6,1585572443,156602861,Central
Denise Rios,074395/69/7,7203353177,734891836,North-Western
Jessica Warren,019705/70/4,1575707498,119551412,Central
Tyler Murphy,063715/51/8,6291771261,695419453,Northern
Eric Rogers,015039/53/2,1972378346,141312240,Central
Marvin Murphy,048554/70/8,4751737095,417327550,Lusaka
Taylor West,036695/78/8,3474764057,355606004,Luapula
Adam Taylor,049669/55/8,4315420520,442393195,Lusaka
Mary Moody,032715/81/4,3806069886,344822884,Luapula
